<?xml version="1.0"?>
<!DOCTYPE modification SYSTEM "http://www.simplemachines.org/xml/modification">
<!-- - - - - - - - - - - - - - - - - - - - - - - - - - - - - - - - - - - - - - -

    ATTENTION: If you are trying to install this manually, you should try
    the package manager.  If it will not work for you, please take a look
    at the following for information on this format:
        http://mods.simplemachines.org/docs/manual-install.php

================================================================
    Name: EFTMod
    Author: Infused
- - - - - - - - - - - - - - - - - - - - - - - - - - - - - -
    Description:
    Provides a Battleclinic like display for EFT loadouts
- - - - - - - - - - - - - - - - - - - - - - - - - - - - - - - - - - - - - - -->

<modification xmlns="http://www.simplemachines.org/xml/modification" xmlns:smf="http://www.simplemachines.org/">
    <id>Thelvaen:EFTMod</id>
    <version>0.3.4</version>
	<file name="$themedir/index.template.php">
		<operation>
			<search whitespace="loose" position="before"><![CDATA[<link rel="stylesheet" type="text/css" href="', $settings['theme_url'], '/css/index', $context['theme_variant'], '.css?fin20" />]]></search>
			<add><![CDATA[<link rel="stylesheet" type="text/css" href="', $settings['theme_url'], '/css/fitting.css" />]]></add>
		</operation>
		<operation>
			<search whitespace="loose" position="before"><![CDATA[<script type="text/javascript" src="', $settings['theme_url'], '/scripts/theme.js?fin20"></script>]]></search>
			<add><![CDATA[<script src="', $settings['theme_url'], '/scripts/fitting.js" type="text/javascript"></script>]]></add>
		</operation>
	</file>
</modification>