<?xml version="1.0"?>
<!DOCTYPE package-info SYSTEM "http://www.simplemachines.org/xml/package-info">
<!-- - - - - - - - - - - - - - - - - - - - - - - - - - - - - - - - - - - - - - -

    ATTENTION: If you are trying to install this manually, you should try
    the package manager.  If it will not work for you, please take a look
    at the following for information on this format:
        http://mods.simplemachines.org/docs/manual-install.php

================================================================
    Name: EFTMod
    Author: Infused
        Help: Code is based off https://forums.eveonline.com/default.aspx?g=posts&t=49402 for PHPBB
        Ship DNA mod included. Author: Erwin Krym'L
        Hacking atempt error fix included. Author: Chiyo Miharu
- - - - - - - - - - - - - - - - - - - - - - - - - - - - - -
    Description:
    Provides a Battleclinic like display for EFT loadouts
- - - - - - - - - - - - - - - - - - - - - - - - - - - - - - - - - - - - - - -->

<package-info xmlns="http://www.simplemachines.org/xml/package-info" xmlns:smf="http://www.simplemachines.org/">
    <id>Thelvaen:EFTMod</id>
    <name>EFTMod</name>
    <version>0.3.4</version>

    <type>modification</type>

    <install>
        <readme type="file">readme.txt</readme>
        <modification type="file">install_034.xml</modification>
        <move-dir name="images" destination="$boarddir" />
        <move-file name="db_dump.ser" destination="$boarddir" />
        <move-file name="fitting.css" destination="$themedir/css" />
        <move-file name="fitting.js" destination="$themedir/scripts" />
        <move-file name="eft.gif" destination="$themedir/images/bbc" />
        <require-file name="Subs-EFTParser.php" destination="$sourcedir">Main Parser</require-file>
        <code>install.php</code>		
        <database>install_db.php</database>        
    </install>
    
    <uninstall>
        <database>db_uninstall.php</database>
        <code>uninstall.php</code>
        <modification type="file" reverse="true">install_034.xml</modification>
        <remove-dir name="$boarddir/images" />
        <remove-file name="$themedir/css/fitting.css" />
        <remove-file name="$themedir/scripts/fitting.js" />
        <remove-file name="$themedir/images/bbc/eft.gif" />
    </uninstall>    
</package-info>